Workbook

Sheet 분류
B2: 분류 | C2: 상세분류 | D2: 분류 코드 | E2: 상세분류 코드
B3: TYPE | C3: TYPE_DTL | D3: ITEM_TYPE_CODE | E3: ITEM_DTL_TYPE_CODE
B4: 식품 | C4: 과자 | D4: "01" | E4: "0101" | G4: =_xlfn.CONCAT("""",C4,"""") -> "과자"
B5: 식품 | C5: 음료 | D5: "01" | E5: "0102" | G5: =_xlfn.CONCAT("""",C5,"""") -> "음료"
B6: 식품 | C6: 즉석밥 | D6: "01" | E6: "0103" | G6: =_xlfn.CONCAT("""",C6,"""") -> "즉석밥"
B7: 식품 | C7: 라면 | D7: "01" | E7: "0104" | G7: =_xlfn.CONCAT("""",C7,"""") -> "라면"
B8: 식품 | C8: 차 | D8: "01" | E8: "0105" | G8: =_xlfn.CONCAT("""",C8,"""") -> "차"
B9: 식품 | C9: 캔디 | D9: "01" | E9: "0106" | G9: =_xlfn.CONCAT("""",C9,"""") -> "캔디"
B10: 식품 | C10: 기타 | D10: "01" | E10: "0107" | G10: =_xlfn.CONCAT("""",C10,"""") -> "기타"
B11: 식품 | C11: 소세지 | D11: "01" | E11: "0108" | G11: =_xlfn.CONCAT("""",C11,"""") -> "소세지"
B12: 식품 | C12: 쉐이크 | D12: "01" | E12: "0109" | G12: =_xlfn.CONCAT("""",C12,"""") -> "쉐이크"
B13: 식품 | C13: 소스 | D13: "01" | E13: "0110" | G13: =_xlfn.CONCAT("""",C13,"""") -> "소스"
B14: 식품 | C14: 건강 | D14: "01" | E14: "0111" | G14: =_xlfn.CONCAT("""",C14,"""") -> "건강"
B15: 화장품 | C15: 마스크팩 | D15: "02" | E15: "0201" | G15: =_xlfn.CONCAT("""",C15,"""") -> "마스크팩"
... B31: 기타 | C31: 의류 | D31: "03" | E31: "0308" | G31: =_xlfn.CONCAT("""",C31,"""") -> "의류"

Sheet 상품_251030
B2: 순번 | C2: 분류 | D2: 상세분류 | E2: 상품명 | F2: 단가 | G2: 판매단위 | H2: 판매가 | I2: 이미지 | J2: 비고
B3: ITM_SEQ | C3: TYPE | D3: TYPE_DTL | E3: ITM_NM | F3: PRICE | G3: UNIT | I3: IMG | J3: RMRK | K3: const data = [
B4: 1 | C4: 기타 | D4: 디퓨저 | E4: 캘리포니아센트 스필프루프 코로나도 | F4: 2970 | G4: 1 | H4: =F4*G4 -> 2970 | I4: =_xlfn.CONCAT(E4, ".jpg") -> 캘리포니아센트 스필프루프 코로나도.jpg | J4: 체리향 디퓨저 | K4: =_xlfn.CONCAT("{""",$B$3,""":""",B4,""",""",$C$3,""":""",C4,""",""",$D$3,""":""",D4,""",""",$E$3,""":""",E4,""",""",$F$3,""":""",F4,""",""",$G$3,""":""",G4,""",""",$H$3,""":""",H4,""",""",$I$3,""":""",I4,"""},") -> {"ITM_SEQ":"1","TYPE":"기타","TYPE_DTL":"디퓨저","ITM_NM":"캘리포니아센트 스필프루프 코로나도","PRICE":"2970","UNIT":"1","":"2970","IMG":"캘리포니아센트 스필프루프 코로나도.jpg"},
B5: 2 | C5: 기타 | D5: 디퓨저 | E5: 젠틀 디퓨저 블랙로즈 | F5: 6100 | G5: 1 | H5: =F5*G5 -> 6100 | I5: =_xlfn.CONCAT(E5, ".jpg") -> 젠틀 디퓨저 블랙로즈.jpg | K5: =_xlfn.CONCAT("{""",$B$3,""":""",B5,""",""",$C$3,""":""",C5,""",""",$D$3,""":""",D5,""",""",$E$3,""":""",E5,""",""",$F$3,""":""",F5,""",""",$G$3,""":""",G5,""",""",$H$3,""":""",H5,""",""",$I$3,""":""",I5,"""},") -> {"ITM_SEQ":"2","TYPE":"기타","TYPE_DTL":"디퓨저","ITM_NM":"젠틀 디퓨저 블랙로즈","PRICE":"6100","UNIT":"1","":"6100","IMG":"젠틀 디퓨저 블랙로즈.jpg"},
B6: 3 | C6: 기타 | D6: 디퓨저 | E6: 에멜시 차량용 방향제 170ml 헤블린 오션 | F6: 8760 | G6: 1 | H6: =F6*G6 -> 8760 | I6: =_xlfn.CONCAT(E6, ".jpg") -> 에멜시 차량용 방향제 170ml 헤블린 오션.jpg | K6: =_xlfn.CONCAT("{""",$B$3,""":""",B6,""",""",$C$3,""":""",C6,""",""",$D$3,""":""",D6,""",""",$E$3,""":""",E6,""",""",$F$3,""":""",F6,""",""",$G$3,""":""",G6,""",""",$H$3,""":""",H6,""",""",$I$3,""":""",I6,"""},") -> {"ITM_SEQ":"3","TYPE":"기타","TYPE_DTL":"디퓨저","ITM_NM":"에멜시 차량용 방향제 170ml 헤블린 오션","PRICE":"8760","UNIT":"1","":"8760","IMG":"에멜시 차량용 방향제 170ml 헤블린 오션.jpg"},
B7: 4 | C7: 기타 | D7: 디퓨저 | E7: 그라스 디퓨저 105ml 블랙베리&체리 | F7: 8990 | G7: 1 | H7: =F7*G7 -> 8990 | I7: =_xlfn.CONCAT(E7, ".jpg") -> 그라스 디퓨저 105ml 블랙베리&체리.jpg | K7: =_xlfn.CONCAT("{""",$B$3,""":""",B7,""",""",$C$3,""":""",C7,""",""",$D$3,""":""",D7,""",""",$E$3,""":""",E7,""",""",$F$3,""":""",F7,""",""",$G$3,""":""",G7,""",""",$H$3,""":""",H7,""",""",$I$3,""":""",I7,"""},") -> {"ITM_SEQ":"4","TYPE":"기타","TYPE_DTL":"디퓨저","ITM_NM":"그라스 디퓨저 105ml 블랙베리&체리","PRICE":"8990","UNIT":"1","":"8990","IMG":"그라스 디퓨저 105ml 블랙베리&체리.jpg"},
B8: 5 | C8: 기타 | D8: 세탁 | E8: 다우니 프리미엄 세탁세제 액체형 실내건조 | F8: 6150 | G8: 1 | H8: =F8*G8 -> 6150 | I8: =_xlfn.CONCAT(E8, ".jpg") -> 다우니 프리미엄 세탁세제 액체형 실내건조.jpg | K8: =_xlfn.CONCAT("{""",$B$3,""":""",B8,""",""",$C$3,""":""",C8,""",""",$D$3,""":""",D8,""",""",$E$3,""":""",E8,""",""",$F$3,""":""",F8,""",""",$G$3,""":""",G8,""",""",$H$3,""":""",H8,""",""",$I$3,""":""",I8,"""},") -> {"ITM_SEQ":"5","TYPE":"기타","TYPE_DTL":"세탁","ITM_NM":"다우니 프리미엄 세탁세제 액체형 실내건조","PRICE":"6150","UNIT":"1","":"6150","IMG":"다우니 프리미엄 세탁세제 액체형 실내건조.jpg"},
B9: 6 | C9: 기타 | D9: 안마기 | E9: 비트 마사지 건 HMS-12 | F9: 25280 | G9: 1 | H9: =F9*G9 -> 25280 | I9: =_xlfn.CONCAT(E9, ".jpg") -> 비트 마사지 건 HMS-12.jpg | K9: =_xlfn.CONCAT("{""",$B$3,""":""",B9,""",""",$C$3,""":""",C9,""",""",$D$3,""":""",D9,""",""",$E$3,""":""",E9,""",""",$F$3,""":""",F9,""",""",$G$3,""":""",G9,""",""",$H$3,""":""",H9,""",""",$I$3,""":""",I9,"""},") -> {"ITM_SEQ":"6","TYPE":"기타","TYPE_DTL":"안마기","ITM_NM":"비트 마사지 건 HMS-12","PRICE":"25280","UNIT":"1","":"25280","IMG":"비트 마사지 건 HMS-12.jpg"},
B10: 7 | C10: 기타 | D10: 면도기 | E10: 질레트 프로쉴드 옐로우 면도날 4입 | F10: 13280 | G10: 1 | H10: =F10*G10 -> 13280 | I10: =_xlfn.CONCAT(E10, ".jpg") -> 질레트 프로쉴드 옐로우 면도날 4입.jpg | K10: =_xlfn.CONCAT("{""",$B$3,""":""",B10,""",""",$C$3,""":""",C10,""",""",$D$3,""":""",D10,""",""",$E$3,""":""",E10,""",""",$F$3,""":""",F10,""",""",$G$3,""":""",G10,""",""",$H$3,""":""",H10,""",""",$I$3,""":""",I10,"""},") -> {"ITM_SEQ":"7","TYPE":"기타","TYPE_DTL":"면도기","ITM_NM":"질레트 프로쉴드 옐로우 면도날 4입","PRICE":"13280","UNIT":"1","":"13280","IMG":"질레트 프로쉴드 옐로우 면도날 4입.jpg"},
B11: 8 | C11: 식품 | D11: 과자 | E11: 프링글스 양파맛 | F11: 1250 | G11: 12 | H11: =F11*G11 -> 15000 | I11: =_xlfn.CONCAT(E11, ".jpg") -> 프링글스 양파맛.jpg | K11: =_xlfn.CONCAT("{""",$B$3,""":""",B11,""",""",$C$3,""":""",C11,""",""",$D$3,""":""",D11,""",""",$E$3,""":""",E11,""",""",$F$3,""":""",F11,""",""",$G$3,""":""",G11,""",""",$H$3,""":""",H11,""",""",$I$3,""":""",I11,"""},") -> {"ITM_SEQ":"8","TYPE":"식품","TYPE_DTL":"과자","ITM_NM":"프링글스 양파맛","PRICE":"1250","UNIT":"12","":"15000","IMG":"프링글스 양파맛.jpg"},
B12: 9 | C12: 식품 | D12: 과자 | E12: 프링글스 리치치즈갈릭 | F12: 1400 | G12: 12 | H12: =F12*G12 -> 16800 | I12: =_xlfn.CONCAT(E12, ".jpg") -> 프링글스 리치치즈갈릭.jpg | K12: =_xlfn.CONCAT("{""",$B$3,""":""",B12,""",""",$C$3,""":""",C12,""",""",$D$3,""":""",D12,""",""",$E$3,""":""",E12,""",""",$F$3,""":""",F12,""",""",$G$3,""":""",G12,""",""",$H$3,""":""",H12,""",""",$I$3,""":""",I12,"""},") -> {"ITM_SEQ":"9","TYPE":"식품","TYPE_DTL":"과자","ITM_NM":"프링글스 리치치즈갈릭","PRICE":"1400","UNIT":"12","":"16800","IMG":"프링글스 리치치즈갈릭.jpg"},
B13: 10 | C13: 식품 | D13: 과자 | E13: 프링글스 버터카라멜 | F13: 1250 | G13: 12 | H13: =F13*G13 -> 15000 | I13: =_xlfn.CONCAT(E13, ".jpg") -> 프링글스 버터카라멜.jpg | K13: =_xlfn.CONCAT("{""",$B$3,""":""",B13,""",""",$C$3,""":""",C13,""",""",$D$3,""":""",D13,""",""",$E$3,""":""",E13,""",""",$F$3,""":""",F13,""",""",$G$3,""":""",G13,""",""",$H$3,""":""",H13,""",""",$I$3,""":""",I13,"""},") -> {"ITM_SEQ":"10","TYPE":"식품","TYPE_DTL":"과자","ITM_NM":"프링글스 버터카라멜","PRICE":"1250","UNIT":"12","":"15000","IMG":"프링글스 버터카라멜.jpg"},
B14: 11 | C14: 식품 | D14: 과자 | E14: 프링글스 핫앤스파이시 | F14: 1250 | G14: 12 | H14: =F14*G14 -> 15000 | I14: =_xlfn.CONCAT(E14, ".jpg") -> 프링글스 핫앤스파이시.jpg | K14: =_xlfn.CONCAT("{""",$B$3,""":""",B14,""",""",$C$3,""":""",C14,""",""",$D$3,""":""",D14,""",""",$E$3,""":""",E14,""",""",$F$3,""":""",F14,""",""",$G$3,""":""",G14,""",""",$H$3,""":""",H14,""",""",$I$3,""":""",I14,"""},") -> {"ITM_SEQ":"11","TYPE":"식품","TYPE_DTL":"과자","ITM_NM":"프링글스 핫앤스파이시","PRICE":"1250","UNIT":"12","":"15000","IMG":"프링글스 핫앤스파이시.jpg"},
B15: 12 | C15: 식품 | D15: 과자 | E15: 키커바 | F15: 450 | G15: 15 | H15: =F15*G15 -> 6750 | I15: =_xlfn.CONCAT(E15, ".jpg") -> 키커바.jpg | K15: =_xlfn.CONCAT("{""",$B$3,""":""",B15,""",""",$C$3,""":""",C15,""",""",$D$3,""":""",D15,""",""",$E$3,""":""",E15,""",""",$F$3,""":""",F15,""",""",$G$3,""":""",G15,""",""",$H$3,""":""",H15,""",""",$I$3,""":""",I15,"""},") -> {"ITM_SEQ":"12","TYPE":"식품","TYPE_DTL":"과자","ITM_NM":"키커바","PRICE":"450","UNIT":"15","":"6750","IMG":"키커바.jpg"},
B16: 13 | C16: 식품 | D16: 과자 | E16: 코주부 CLASSIC 육포 Mild 130g | F16: 7130 | G16: 1 | H16: =F16*G16 -> 7130 | I16: =_xlfn.CONCAT(E16, ".jpg") -> 코주부 CLASSIC 육포 Mild 130g.jpg | K16: =_xlfn.CONCAT("{""",$B$3,""":""",B16,""",""",$C$3,""":""",C16,""",""",$D$3,""":""",D16,""",""",$E$3,""":""",E16,""",""",$F$3,""":""",F16,""",""",$G$3,""":""",G16,""",""",$H$3,""":""",H16,""",""",$I$3,""":""",I16,"""},") -> {"ITM_SEQ":"13","TYPE":"식품","TYPE_DTL":"과자","ITM_NM":"코주부 CLASSIC 육포 Mild 130g","PRICE":"7130","UNIT":"1","":"7130","IMG":"코주부 CLASSIC 육포 Mild 130g.jpg"},
... B48: 45 | C48: 화장품 | D48: 영양크림 | E48: 아이소이 탄력크림EX | F48: 14090 | G48: 1 | H48: =F48*G48 -> 14090 | I48: =_xlfn.CONCAT(E48, ".jpg") -> 아이소이 탄력크림EX.jpg | K48: =_xlfn.CONCAT("{""",$B$3,""":""",B48,""",""",$C$3,""":""",C48,""",""",$D$3,""":""",D48,""",""",$E$3,""":""",E48,""",""",$F$3,""":""",F48,""",""",$G$3,""":""",G48,""",""",$H$3,""":""",H48,""",""",$I$3,""":""",I48,"""},") -> {"ITM_SEQ":"45","TYPE":"화장품","TYPE_DTL":"영양크림","ITM_NM":"아이소이 탄력크림EX","PRICE":"14090","UNIT":"1","":"14090","IMG":"아이소이 탄력크림EX.jpg"},
B49: 46 | C49: 화장품 | D49: 영양크림 | E49: 다이아몬드 리페어 퍼펙트 세트 | F49: 38930 | G49: 1 | H49: =F49*G49 -> 38930 | I49: =_xlfn.CONCAT(E49, ".jpg") -> 다이아몬드 리페어 퍼펙트 세트.jpg | J49: 송윤아크림 | K49: =_xlfn.CONCAT("{""",$B$3,""":""",B49,""",""",$C$3,""":""",C49,""",""",$D$3,""":""",D49,""",""",$E$3,""":""",E49,""",""",$F$3,""":""",F49,""",""",$G$3,""":""",G49,""",""",$H$3,""":""",H49,""",""",$I$3,""":""",I49,"""},") -> {"ITM_SEQ":"46","TYPE":"화장품","TYPE_DTL":"영양크림","ITM_NM":"다이아몬드 리페어 퍼펙트 세트","PRICE":"38930","UNIT":"1","":"38930","IMG":"다이아몬드 리페어 퍼펙트 세트.jpg"},
B50: 47 | C50: 화장품 | D50: 폼클렌징 | E50: 닥터지 레드 블레미쉬 모이스처 클렌징 폼 | F50: 4320 | G50: 1 | H50: =F50*G50 -> 4320 | I50: =_xlfn.CONCAT(E50, ".jpg") -> 닥터지 레드 블레미쉬 모이스처 클렌징 폼.jpg | K50: =_xlfn.CONCAT("{""",$B$3,""":""",B50,""",""",$C$3,""":""",C50,""",""",$D$3,""":""",D50,""",""",$E$3,""":""",E50,""",""",$F$3,""":""",F50,""",""",$G$3,""":""",G50,""",""",$H$3,""":""",H50,""",""",$I$3,""":""",I50,"""},") -> {"ITM_SEQ":"47","TYPE":"화장품","TYPE_DTL":"폼클렌징","ITM_NM":"닥터지 레드 블레미쉬 모이스처 클렌징 폼","PRICE":"4320","UNIT":"1","":"4320","IMG":"닥터지 레드 블레미쉬 모이스처 클렌징 폼.jpg"},
B51: 48 | C51: 화장품 | D51: 폼클렌징 | E51: 뉴트로지나 딥클린 아크네 포밍 | F51: 4390 | G51: 1 | H51: =F51*G51 -> 4390 | I51: =_xlfn.CONCAT(E51, ".jpg") -> 뉴트로지나 딥클린 아크네 포밍.jpg | K51: =_xlfn.CONCAT("{""",$B$3,""":""",B51,""",""",$C$3,""":""",C51,""",""",$D$3,""":""",D51,""",""",$E$3,""":""",E51,""",""",$F$3,""":""",F51,""",""",$G$3,""":""",G51,""",""",$H$3,""":""",H51,""",""",$I$3,""":""",I51,"""},") -> {"ITM_SEQ":"48","TYPE":"화장품","TYPE_DTL":"폼클렌징","ITM_NM":"뉴트로지나 딥클린 아크네 포밍","PRICE":"4390","UNIT":"1","":"4390","IMG":"뉴트로지나 딥클린 아크네 포밍.jpg"},
B52: 49 | C52: 화장품 | D52: 토너 | E52: 닥터지 레드 블레미쉬 클리어 수딩 토너, 500ml | F52: 10140 | G52: 1 | H52: =F52*G52 -> 10140 | I52: =_xlfn.CONCAT(E52, ".jpg") -> 닥터지 레드 블레미쉬 클리어 수딩 토너, 500ml.jpg | K52: =_xlfn.CONCAT("{""",$B$3,""":""",B52,""",""",$C$3,""":""",C52,""",""",$D$3,""":""",D52,""",""",$E$3,""":""",E52,""",""",$F$3,""":""",F52,""",""",$G$3,""":""",G52,""",""",$H$3,""":""",H52,""",""",$I$3,""":""",I52,"""},") -> {"ITM_SEQ":"49","TYPE":"화장품","TYPE_DTL":"토너","ITM_NM":"닥터지 레드 블레미쉬 클리어 수딩 토너, 500ml","PRICE":"10140","UNIT":"1","":"10140","IMG":"닥터지 레드 블레미쉬 클리어 수딩 토너, 500ml.jpg"},
B53: 50 | C53: 식품 | D53: 소스 | E53: 데체코 올리오 엑스트라 버진 디 올리바, 1L | F53: 21840 | G53: 1 | H53: =F53*G53 -> 21840 | I53: =_xlfn.CONCAT(E53, ".jpg") -> 데체코 올리오 엑스트라 버진 디 올리바, 1L.jpg | K53: =_xlfn.CONCAT("{""",$B$3,""":""",B53,""",""",$C$3,""":""",C53,""",""",$D$3,""":""",D53,""",""",$E$3,""":""",E53,""",""",$F$3,""":""",F53,""",""",$G$3,""":""",G53,""",""",$H$3,""":""",H53,""",""",$I$3,""":""",I53,"""},") -> {"ITM_SEQ":"50","TYPE":"식품","TYPE_DTL":"소스","ITM_NM":"데체코 올리오 엑스트라 버진 디 올리바, 1L","PRICE":"21840","UNIT":"1","":"21840","IMG":"데체코 올리오 엑스트라 버진 디 올리바, 1L.jpg"},
B54: 51 | C54: 화장품 | D54: 로션/에멀전 | E54: 바세린 리프팅 리페어 로션 450ml | F54: 5000 | G54: 1 | H54: =F54*G54 -> 5000 | I54: =_xlfn.CONCAT(E54, ".jpg") -> 바세린 리프팅 리페어 로션 450ml.jpg | K54: =_xlfn.CONCAT("{""",$B$3,""":""",B54,""",""",$C$3,""":""",C54,""",""",$D$3,""":""",D54,""",""",$E$3,""":""",E54,""",""",$F$3,""":""",F54,""",""",$G$3,""":""",G54,""",""",$H$3,""":""",H54,""",""",$I$3,""":""",I54,"""},") -> {"ITM_SEQ":"51","TYPE":"화장품","TYPE_DTL":"로션/에멀전","ITM_NM":"바세린 리프팅 리페어 로션 450ml","PRICE":"5000","UNIT":"1","":"5000","IMG":"바세린 리프팅 리페어 로션 450ml.jpg"},
B55: 52 | C55: 화장품 | D55: 마스크팩 | E55: 라운드랩 1025 독도 수분 워터겔 마스크 30ml | F55: 11800 | G55: 1 | H55: =F55*G55 -> 11800 | I55: =_xlfn.CONCAT(E55, ".jpg") -> 라운드랩 1025 독도 수분 워터겔 마스크 30ml.jpg | K55: =_xlfn.CONCAT("{""",$B$3,""":""",B55,""",""",$C$3,""":""",C55,""",""",$D$3,""":""",D55,""",""",$E$3,""":""",E55,""",""",$F$3,""":""",F55,""",""",$G$3,""":""",G55,""",""",$H$3,""":""",H55,""",""",$I$3,""":""",I55,"""},") -> {"ITM_SEQ":"52","TYPE":"화장품","TYPE_DTL":"마스크팩","ITM_NM":"라운드랩 1025 독도 수분 워터겔 마스크 30ml","PRICE":"11800","UNIT":"1","":"11800","IMG":"라운드랩 1025 독도 수분 워터겔 마스크 30ml.jpg"},
B56: 53 | C56: 화장품 | D56: 마스크팩 | E56: 메디힐 WHP 미백수분 블랙마스크 | F56: 800 | G56: 10 | H56: =F56*G56 -> 8000 | I56: =_xlfn.CONCAT(E56, ".jpg") -> 메디힐 WHP 미백수분 블랙마스크.jpg | K56: =_xlfn.CONCAT("{""",$B$3,""":""",B56,""",""",$C$3,""":""",C56,""",""",$D$3,""":""",D56,""",""",$E$3,""":""",E56,""",""",$F$3,""":""",F56,""",""",$G$3,""":""",G56,""",""",$H$3,""":""",H56,""",""",$I$3,""":""",I56,"""},") -> {"ITM_SEQ":"53","TYPE":"화장품","TYPE_DTL":"마스크팩","ITM_NM":"메디힐 WHP 미백수분 블랙마스크","PRICE":"800","UNIT":"10","":"8000","IMG":"메디힐 WHP 미백수분 블랙마스크.jpg"},
B57: 54 | C57: 기타 | D57: 면도기 | E57: 니베아 맨 센서티브 쉐이빙 폼, 250ml | F57: 3500 | G57: 1 | H57: =F57*G57 -> 3500 | I57: =_xlfn.CONCAT(E57, ".jpg") -> 니베아 맨 센서티브 쉐이빙 폼, 250ml.jpg | K57: =_xlfn.CONCAT("{""",$B$3,""":""",B57,""",""",$C$3,""":""",C57,""",""",$D$3,""":""",D57,""",""",$E$3,""":""",E57,""",""",$F$3,""":""",F57,""",""",$G$3,""":""",G57,""",""",$H$3,""":""",H57,""",""",$I$3,""":""",I57,"""},") -> {"ITM_SEQ":"54","TYPE":"기타","TYPE_DTL":"면도기","ITM_NM":"니베아 맨 센서티브 쉐이빙 폼, 250ml","PRICE":"3500","UNIT":"1","":"3500","IMG":"니베아 맨 센서티브 쉐이빙 폼, 250ml.jpg"},
B58: 55 | C58: 기타 | D58: 두피 | E58: 부케가르니 나드 샴푸 시그니처 500ml | F58: 4780 | G58: 1 | H58: =F58*G58 -> 4780 | I58: =_xlfn.CONCAT(E58, ".jpg") -> 부케가르니 나드 샴푸 시그니처 500ml.jpg | K58: =_xlfn.CONCAT("{""",$B$3,""":""",B58,""",""",$C$3,""":""",C58,""",""",$D$3,""":""",D58,""",""",$E$3,""":""",E58,""",""",$F$3,""":""",F58,""",""",$G$3,""":""",G58,""",""",$H$3,""":""",H58,""",""",$I$3,""":""",I58,"""},") -> {"ITM_SEQ":"55","TYPE":"기타","TYPE_DTL":"두피","ITM_NM":"부케가르니 나드 샴푸 시그니처 500ml","PRICE":"4780","UNIT":"1","":"4780","IMG":"부케가르니 나드 샴푸 시그니처 500ml.jpg"},
B59: 56 | C59: 화장품 | D59: 로션/에멀전 | E59: 비알티씨 파워 옴므 올인원 솔루션 기획세트 200ML+50ML | F59: 6910 | G59: 1 | H59: =F59*G59 -> 6910 | I59: =_xlfn.CONCAT(E59, ".jpg") -> 비알티씨 파워 옴므 올인원 솔루션 기획세트 200ML+50ML.jpg | K59: =_xlfn.CONCAT("{""",$B$3,""":""",B59,""",""",$C$3,""":""",C59,""",""",$D$3,""":""",D59,""",""",$E$3,""":""",E59,""",""",$F$3,""":""",F59,""",""",$G$3,""":""",G59,""",""",$H$3,""":""",H59,""",""",$I$3,""":""",I59,"""},") -> {"ITM_SEQ":"56","TYPE":"화장품","TYPE_DTL":"로션/에멀전","ITM_NM":"비알티씨 파워 옴므 올인원 솔루션 기획세트 200ML+50ML","PRICE":"6910","UNIT":"1","":"6910","IMG":"비알티씨 파워 옴므 올인원 솔루션 기획세트 200ML+50ML.jpg"},
B60: 57 | C60: 기타 | D60: 바디 | E60: 비욘드 바디 디펜스 샤워 450ml | F60: 7150 | G60: 1 | H60: =F60*G60 -> 7150 | I60: =_xlfn.CONCAT(E60, ".jpg") -> 비욘드 바디 디펜스 샤워 450ml.jpg | K60: =_xlfn.CONCAT("{""",$B$3,""":""",B60,""",""",$C$3,""":""",C60,""",""",$D$3,""":""",D60,""",""",$E$3,""":""",E60,""",""",$F$3,""":""",F60,""",""",$G$3,""":""",G60,""",""",$H$3,""":""",H60,""",""",$I$3,""":""",I60,"""},") -> {"ITM_SEQ":"57","TYPE":"기타","TYPE_DTL":"바디","ITM_NM":"비욘드 바디 디펜스 샤워 450ml","PRICE":"7150","UNIT":"1","":"7150","IMG":"비욘드 바디 디펜스 샤워 450ml.jpg"},
B61: 58 | C61: 기타 | D61: 바디 | E61: 비욘드 바디 디펜스 에멀전 450ml | F61: 10890 | G61: 1 | H61: =F61*G61 -> 10890 | I61: =_xlfn.CONCAT(E61, ".jpg") -> 비욘드 바디 디펜스 에멀전 450ml.jpg | K61: =_xlfn.CONCAT("{""",$B$3,""":""",B61,""",""",$C$3,""":""",C61,""",""",$D$3,""":""",D61,""",""",$E$3,""":""",E61,""",""",$F$3,""":""",F61,""",""",$G$3,""":""",G61,""",""",$H$3,""":""",H61,""",""",$I$3,""":""",I61,"""},") -> {"ITM_SEQ":"58","TYPE":"기타","TYPE_DTL":"바디","ITM_NM":"비욘드 바디 디펜스 에멀전 450ml","PRICE":"10890","UNIT":"1","":"10890","IMG":"비욘드 바디 디펜스 에멀전 450ml.jpg"},
... B177: 174 | C177: 화장품 | D177: 로션/에멀전 | E177: 듀이트리 울트라 바이탈라이징 스네일 에멀전, 150ml | F177: 5700 | G177: 1 | H177: =F177*G177 -> 5700 | I177: =_xlfn.CONCAT(E177, ".jpg") -> 듀이트리 울트라 바이탈라이징 스네일 에멀전, 150ml.jpg | K177: =_xlfn.CONCAT("{""",$B$3,""":""",B177,""",""",$C$3,""":""",C177,""",""",$D$3,""":""",D177,""",""",$E$3,""":""",E177,""",""",$F$3,""":""",F177,""",""",$G$3,""":""",G177,""",""",$H$3,""":""",H177,""",""",$I$3,""":""",I177,"""},") -> {"ITM_SEQ":"174","TYPE":"화장품","TYPE_DTL":"로션/에멀전","ITM_NM":"듀이트리 울트라 바이탈라이징 스네일 에멀전, 150ml","PRICE":"5700","UNIT":"1","":"5700","IMG":"듀이트리 울트라 바이탈라이징 스네일 에멀전, 150ml.jpg"},
K178: ]

Sheet 상품DB
B2: 테이블 | C2: TB_ITEM
B3: 물리명 | C3: ITEM_SEQ | D3: ITEM_NM | E3: PRICE | F3: UNIT | G3: RMRK | H3: IMG | I3: ITEM_TYPE_CODE | J3: ITEM_DTL_TYPE_CODE | K3: FST_REG_SEQ | L3: LST_UPD_SEQ | M3: =_xlfn.CONCAT("TRUNCATE ",C2,";") -> TRUNCATE TB_ITEM;
B4: 논리명 | C4: 상품일련번호 | D4: 상품명 | E4: 가격 | F4: 판매단위 | G4: 비고 | H4: 이미지 | I4: 상품 분류코드 | J4: 상품 상세 분류코드 | K4: 최초등록자일련번호 | L4: 최종수정자일련번호 | M4: =_xlfn.CONCAT("INSERT INTO ",C2, "(", _xlfn.TEXTJOIN(",",TRUE,C3:L3),") VALUES") -> INSERT INTO TB_ITEM(ITEM_SEQ,ITEM_NM,PRICE,UNIT,RMRK,IMG,ITEM_TYPE_CODE,ITEM_DTL_TYPE_CODE,FST_REG_SEQ,LST_UPD_SEQ) VALUES
B5: 1 | C5: 1 | D5: "캘리포니아센트 스필프루프 코로나도" | E5: 2970 | F5: 1 | G5: "" | H5: "캘리포니아센트 스필프루프 코로나도.jpg" | I5: "03" | J5: "0301" | K5: 1 | L5: 1 | M5: =_xlfn.CONCAT(IF(B5=1,"",","),"(",_xlfn.TEXTJOIN(",",TRUE,C5:L5),")") -> (1,"캘리포니아센트 스필프루프 코로나도",2970,1,"","캘리포니아센트 스필프루프 코로나도.jpg","03","0301",1,1) | O5: 캘리포니아센트 스필프루프 코로나도.jpg | P5: =_xlfn.CONCAT("""",O5,"""") -> "캘리포니아센트 스필프루프 코로나도.jpg" | Q5: 기타 | R5: =VLOOKUP(Q5,'상품 분류코드'!$B$33:$D$35,3,0) -> "03" | S5: 디퓨저 | T5: =VLOOKUP(S5,'상품 분류코드'!$B$4:$D$31,3,0) -> "0301"
B6: 2 | C6: 2 | D6: "젠틀 디퓨저 블랙로즈" | E6: 6100 | F6: 1 | G6: "" | H6: "젠틀 디퓨저 블랙로즈.jpg" | I6: "03" | J6: "0301" | K6: 1 | L6: 1 | M6: =_xlfn.CONCAT(IF(B6=1,"",","),"(",_xlfn.TEXTJOIN(",",TRUE,C6:L6),")") -> ,(2,"젠틀 디퓨저 블랙로즈",6100,1,"","젠틀 디퓨저 블랙로즈.jpg","03","0301",1,1) | O6: 젠틀 디퓨저 블랙로즈.jpg | P6: =_xlfn.CONCAT("""",O6,"""") -> "젠틀 디퓨저 블랙로즈.jpg" | Q6: 기타 | R6: =VLOOKUP(Q6,'상품 분류코드'!$B$33:$D$35,3,0) -> "03" | S6: 디퓨저 | T6: =VLOOKUP(S6,'상품 분류코드'!$B$4:$D$31,3,0) -> "0301"
B7: 3 | C7: 3 | D7: "에멜시 차량용 방향제 170ml 헤블린 오션" | E7: 8760 | F7: 1 | G7: "" | H7: "에멜시 차량용 방향제 170ml 헤블린 오션.jpg" | I7: "03" | J7: "0301" | K7: 1 | L7: 1 | M7: =_xlfn.CONCAT(IF(B7=1,"",","),"(",_xlfn.TEXTJOIN(",",TRUE,C7:L7),")") -> ,(3,"에멜시 차량용 방향제 170ml 헤블린 오션",8760,1,"","에멜시 차량용 방향제 170ml 헤블린 오션.jpg","03","0301",1,1) | O7: 에멜시 차량용 방향제 170ml 헤블린 오션.jpg | P7: =_xlfn.CONCAT("""",O7,"""") -> "에멜시 차량용 방향제 170ml 헤블린 오션.jpg" | Q7: 기타 | R7: =VLOOKUP(Q7,'상품 분류코드'!$B$33:$D$35,3,0) -> "03" | S7: 디퓨저 | T7: =VLOOKUP(S7,'상품 분류코드'!$B$4:$D$31,3,0) -> "0301"
B8: 4 | C8: 4 | D8: "그라스 디퓨저 105ml 블랙베리&체리" | E8: 8990 | F8: 1 | G8: "" | H8: "그라스 디퓨저 105ml 블랙베리&체리.jpg" | I8: "03" | J8: "0301" | K8: 1 | L8: 1 | M8: =_xlfn.CONCAT(IF(B8=1,"",","),"(",_xlfn.TEXTJOIN(",",TRUE,C8:L8),")") -> ,(4,"그라스 디퓨저 105ml 블랙베리&체리",8990,1,"","그라스 디퓨저 105ml 블랙베리&체리.jpg","03","0301",1,1) | O8: 그라스 디퓨저 105ml 블랙베리&체리.jpg | P8: =_xlfn.CONCAT("""",O8,"""") -> "그라스 디퓨저 105ml 블랙베리&체리.jpg" | Q8: 기타 | R8: =VLOOKUP(Q8,'상품 분류코드'!$B$33:$D$35,3,0) -> "03" | S8: 디퓨저 | T8: =VLOOKUP(S8,'상품 분류코드'!$B$4:$D$31,3,0) -> "0301"
B9: 5 | C9: 5 | D9: "다우니 프리미엄 세탁세제 액체형 실내건조" | E9: 6150 | F9: 1 | G9: "" | H9: "다우니 프리미엄 세탁세제 액체형 실내건조.jpg" | I9: "03" | J9: "0302" | K9: 1 | L9: 1 | M9: =_xlfn.CONCAT(IF(B9=1,"",","),"(",_xlfn.TEXTJOIN(",",TRUE,C9:L9),")") -> ,(5,"다우니 프리미엄 세탁세제 액체형 실내건조",6150,1,"","다우니 프리미엄 세탁세제 액체형 실내건조.jpg","03","0302",1,1) | O9: 다우니 프리미엄 세탁세제 액체형 실내건조.jpg | P9: =_xlfn.CONCAT("""",O9,"""") -> "다우니 프리미엄 세탁세제 액체형 실내건조.jpg" | Q9: 기타 | R9: =VLOOKUP(Q9,'상품 분류코드'!$B$33:$D$35,3,0) -> "03" | S9: 세탁 | T9: =VLOOKUP(S9,'상품 분류코드'!$B$4:$D$31,3,0) -> "0302"
B10: 6 | C10: 6 | D10: "비트 마사지 건 HMS-12" | E10: 25280 | F10: 1 | G10: "" | H10: "비트 마사지 건 HMS-12.jpg" | I10: "03" | J10: "0303" | K10: 1 | L10: 1 | M10: =_xlfn.CONCAT(IF(B10=1,"",","),"(",_xlfn.TEXTJOIN(",",TRUE,C10:L10),")") -> ,(6,"비트 마사지 건 HMS-12",25280,1,"","비트 마사지 건 HMS-12.jpg","03","0303",1,1) | O10: 비트 마사지 건 HMS-12.jpg | P10: =_xlfn.CONCAT("""",O10,"""") -> "비트 마사지 건 HMS-12.jpg" | Q10: 기타 | R10: =VLOOKUP(Q10,'상품 분류코드'!$B$33:$D$35,3,0) -> "03" | S10: 안마기 | T10: =VLOOKUP(S10,'상품 분류코드'!$B$4:$D$31,3,0) -> "0303"
B11: 7 | C11: 7 | D11: "질레트 프로쉴드 옐로우 면도날 4입" | E11: 13280 | F11: 1 | G11: "" | H11: "질레트 프로쉴드 옐로우 면도날 4입.jpg" | I11: "03" | J11: "0304" | K11: 1 | L11: 1 | M11: =_xlfn.CONCAT(IF(B11=1,"",","),"(",_xlfn.TEXTJOIN(",",TRUE,C11:L11),")") -> ,(7,"질레트 프로쉴드 옐로우 면도날 4입",13280,1,"","질레트 프로쉴드 옐로우 면도날 4입.jpg","03","0304",1,1) | O11: 질레트 프로쉴드 옐로우 면도날 4입.jpg | P11: =_xlfn.CONCAT("""",O11,"""") -> "질레트 프로쉴드 옐로우 면도날 4입.jpg" | Q11: 기타 | R11: =VLOOKUP(Q11,'상품 분류코드'!$B$33:$D$35,3,0) -> "03" | S11: 면도기 | T11: =VLOOKUP(S11,'상품 분류코드'!$B$4:$D$31,3,0) -> "0304"
B12: 8 | C12: 8 | D12: "프링글스 양파맛" | E12: 1250 | F12: 12 | G12: "" | H12: "프링글스 양파맛.jpg" | I12: "01" | J12: "0101" | K12: 1 | L12: 1 | M12: =_xlfn.CONCAT(IF(B12=1,"",","),"(",_xlfn.TEXTJOIN(",",TRUE,C12:L12),")") -> ,(8,"프링글스 양파맛",1250,12,"","프링글스 양파맛.jpg","01","0101",1,1) | O12: 프링글스 양파맛.jpg | P12: =_xlfn.CONCAT("""",O12,"""") -> "프링글스 양파맛.jpg" | Q12: 식품 | R12: =VLOOKUP(Q12,'상품 분류코드'!$B$33:$D$35,3,0) -> "01" | S12: 과자 | T12: =VLOOKUP(S12,'상품 분류코드'!$B$4:$D$31,3,0) -> "0101"
B13: 9 | C13: 9 | D13: "프링글스 리치치즈갈릭" | E13: 1400 | F13: 12 | G13: "" | H13: "프링글스 리치치즈갈릭.jpg" | I13: "01" | J13: "0101" | K13: 1 | L13: 1 | M13: =_xlfn.CONCAT(IF(B13=1,"",","),"(",_xlfn.TEXTJOIN(",",TRUE,C13:L13),")") -> ,(9,"프링글스 리치치즈갈릭",1400,12,"","프링글스 리치치즈갈릭.jpg","01","0101",1,1) | O13: 프링글스 리치치즈갈릭.jpg | P13: =_xlfn.CONCAT("""",O13,"""") -> "프링글스 리치치즈갈릭.jpg" | Q13: 식품 | R13: =VLOOKUP(Q13,'상품 분류코드'!$B$33:$D$35,3,0) -> "01" | S13: 과자 | T13: =VLOOKUP(S13,'상품 분류코드'!$B$4:$D$31,3,0) -> "0101"
B14: 10 | C14: 10 | D14: "프링글스 버터카라멜" | E14: 1250 | F14: 12 | G14: "" | H14: "프링글스 버터카라멜.jpg" | I14: "01" | J14: "0101" | K14: 1 | L14: 1 | M14: =_xlfn.CONCAT(IF(B14=1,"",","),"(",_xlfn.TEXTJOIN(",",TRUE,C14:L14),")") -> ,(10,"프링글스 버터카라멜",1250,12,"","프링글스 버터카라멜.jpg","01","0101",1,1) | O14: 프링글스 버터카라멜.jpg | P14: =_xlfn.CONCAT("""",O14,"""") -> "프링글스 버터카라멜.jpg" | Q14: 식품 | R14: =VLOOKUP(Q14,'상품 분류코드'!$B$33:$D$35,3,0) -> "01" | S14: 과자 | T14: =VLOOKUP(S14,'상품 분류코드'!$B$4:$D$31,3,0) -> "0101"
B15: 11 | C15: 11 | D15: "프링글스 핫앤스파이시" | E15: 1250 | F15: 12 | G15: "" | H15: "프링글스 핫앤스파이시.jpg" | I15: "01" | J15: "0101" | K15: 1 | L15: 1 | M15: =_xlfn.CONCAT(IF(B15=1,"",","),"(",_xlfn.TEXTJOIN(",",TRUE,C15:L15),")") -> ,(11,"프링글스 핫앤스파이시",1250,12,"","프링글스 핫앤스파이시.jpg","01","0101",1,1) | O15: 프링글스 핫앤스파이시.jpg | P15: =_xlfn.CONCAT("""",O15,"""") -> "프링글스 핫앤스파이시.jpg" | Q15: 식품 | R15: =VLOOKUP(Q15,'상품 분류코드'!$B$33:$D$35,3,0) -> "01" | S15: 과자 | T15: =VLOOKUP(S15,'상품 분류코드'!$B$4:$D$31,3,0) -> "0101"
B16: 12 | C16: 12 | D16: "키커바" | E16: 450 | F16: 15 | G16: "" | H16: "키커바.jpg" | I16: "01" | J16: "0101" | K16: 1 | L16: 1 | M16: =_xlfn.CONCAT(IF(B16=1,"",","),"(",_xlfn.TEXTJOIN(",",TRUE,C16:L16),")") -> ,(12,"키커바",450,15,"","키커바.jpg","01","0101",1,1) | O16: 키커바.jpg | P16: =_xlfn.CONCAT("""",O16,"""") -> "키커바.jpg" | Q16: 식품 | R16: =VLOOKUP(Q16,'상품 분류코드'!$B$33:$D$35,3,0) -> "01" | S16: 과자 | T16: =VLOOKUP(S16,'상품 분류코드'!$B$4:$D$31,3,0) -> "0101"
... B178: 174 | C178: 174 | D178: "듀이트리 울트라 바이탈라이징 스네일 에멀전, 150ml" | E178: 5700 | F178: 1 | G178: "" | H178: "듀이트리 울트라 바이탈라이징 스네일 에멀전, 150ml.jpg" | I178: "02" | J178: "0207" | K178: 1 | L178: 1 | M178: =_xlfn.CONCAT(IF(B178=1,"",","),"(",_xlfn.TEXTJOIN(",",TRUE,C178:L178),")") -> ,(174,"듀이트리 울트라 바이탈라이징 스네일 에멀전, 150ml",5700,1,"","듀이트리 울트라 바이탈라이징 스네일 에멀전, 150ml.jpg","02","0207",1,1) | O178: 듀이트리 울트라 바이탈라이징 스네일 에멀전, 150ml.jpg | P178: =_xlfn.CONCAT("""",O178,"""") -> "듀이트리 울트라 바이탈라이징 스네일 에멀전, 150ml.jpg" | Q178: 화장품 | R178: =VLOOKUP(Q178,'상품 분류코드'!$B$33:$D$35,3,0) -> "02" | S178: 로션/에멀전 | T178: =VLOOKUP(S178,'상품 분류코드'!$B$4:$D$31,3,0) -> "0207"
M179: ;

Sheet 상품 분류코드
C2: CODE_GROUP | D2: CODE_DETAIL | E2: CODE_DETAIL_NM | F2: MODIFY_YN | G2: DETAIL_ORDER | H2: FST_REG_SEQ | I2: LST_UPD_SEQ
C3: 코드그룹 | D3: 코드상세 | E3: 코드상세명 | F3: 코드수정가능여부 | G3: 코드상세정렬순서 | H3: 최초등록자일련번호 | I3: 최종수정자일련번호
B4: =SUBSTITUTE(E4,"""","") -> 과자 | C4: "ITEM_DTL_TYPE_CODE" | D4: "0101" | E4: "과자" | F4: "N" | G4: 1 | H4: 1 | I4: 1
B5: =SUBSTITUTE(E5,"""","") -> 음료 | C5: "ITEM_DTL_TYPE_CODE" | D5: "0102" | E5: "음료" | F5: "N" | G5: 2 | H5: 1 | I5: 1
B6: =SUBSTITUTE(E6,"""","") -> 즉석밥 | C6: "ITEM_DTL_TYPE_CODE" | D6: "0103" | E6: "즉석밥" | F6: "N" | G6: 3 | H6: 1 | I6: 1
B7: =SUBSTITUTE(E7,"""","") -> 라면 | C7: "ITEM_DTL_TYPE_CODE" | D7: "0104" | E7: "라면" | F7: "N" | G7: 4 | H7: 1 | I7: 1
B8: =SUBSTITUTE(E8,"""","") -> 차 | C8: "ITEM_DTL_TYPE_CODE" | D8: "0105" | E8: "차" | F8: "N" | G8: 5 | H8: 1 | I8: 1
B9: =SUBSTITUTE(E9,"""","") -> 캔디 | C9: "ITEM_DTL_TYPE_CODE" | D9: "0106" | E9: "캔디" | F9: "N" | G9: 6 | H9: 1 | I9: 1
B10: =SUBSTITUTE(E10,"""","") -> 기타 | C10: "ITEM_DTL_TYPE_CODE" | D10: "0107" | E10: "기타" | F10: "N" | G10: 7 | H10: 1 | I10: 1
B11: =SUBSTITUTE(E11,"""","") -> 소세지 | C11: "ITEM_DTL_TYPE_CODE" | D11: "0108" | E11: "소세지" | F11: "N" | G11: 8 | H11: 1 | I11: 1
B12: =SUBSTITUTE(E12,"""","") -> 쉐이크 | C12: "ITEM_DTL_TYPE_CODE" | D12: "0109" | E12: "쉐이크" | F12: "N" | G12: 9 | H12: 1 | I12: 1
B13: =SUBSTITUTE(E13,"""","") -> 소스 | C13: "ITEM_DTL_TYPE_CODE" | D13: "0110" | E13: "소스" | F13: "N" | G13: 10 | H13: 1 | I13: 1
B14: =SUBSTITUTE(E14,"""","") -> 건강 | C14: "ITEM_DTL_TYPE_CODE" | D14: "0111" | E14: "건강" | F14: "N" | G14: 11 | H14: 1 | I14: 1
B15: =SUBSTITUTE(E15,"""","") -> 마스크팩 | C15: "ITEM_DTL_TYPE_CODE" | D15: "0201" | E15: "마스크팩" | F15: "N" | G15: 12 | H15: 1 | I15: 1
... B35: =SUBSTITUTE(E35,"""","") -> 기타 | C35: "ITEM_TYPE_CODE" | D35: "03" | E35: "기타" | F35: "N" | G35: 3 | H35: 1 | I35: 1
